id,first_name,last_name,DoB
1,Nichole,Mathiot,02/14/1978
2,Batsheva,Bradnam,04/15/1972
3,Elsie,Filintsev,11/24/2005
4,Ludwig,Deans,07/28/1968
5,Kurt,Holwell,01/25/1982
6,Kali,Elie,06/30/1970
7,Dinnie,Gareisr,05/23/1998
8,Elissa,Van Eeden,11/02/1983
9,Buffy,Bacup,04/10/1975
10,Zonnya,End,08/14/2005
11,Marcello,Olufsen,04/20/2007
12,Kilian,Eadie,10/22/2018
13,Mercedes,Locks,10/27/1979
14,Anthony,Dovey,04/27/1964
15,Morrie,Coplestone,01/09/1972
16,Rosanne,Forward,03/27/1983
17,Thom,Cawsy,01/31/1967
18,Keefe,Czajkowski,02/08/2016
19,Hedda,Kinver,02/05/1978
20,Valeria,Wyndham,11/08/1969
21,Lesley,Oakden,07/24/1968
22,Web,Eamer,09/07/1997
23,Murdoch,Kibble,03/24/1998
24,Jayne,Guirardin,03/12/2014
25,Raynor,Smythin,02/19/2017
26,Gertruda,Landeg,08/09/2015
27,Nolana,Ruckert,02/15/2011
28,Ange,Mathevon,07/11/2011
29,Carolan,Waldock,05/27/1984
30,Broddy,Eglaise,05/06/1986
31,Robin,Bentsen,06/30/1996
32,Pam,Longshaw,10/04/1985
33,Elisha,Tomsett,08/23/1963
34,Gillie,Farry,06/28/1996
35,Gabie,Theobalds,02/13/1975
36,Aime,Sissel,02/22/1967
37,Iona,Camock,02/01/1985
38,Bertina,Enriquez,06/18/1993
39,Domeniga,Bunch,08/14/1984
40,Dacie,Jeckell,05/13/1991
41,Walden,Machent,02/02/1986
42,Edith,McShirie,09/26/2002
43,Dido,Kinder,01/20/1980
44,Ulric,Jeeks,01/16/1996
45,Nehemiah,Smalman,09/05/1972
46,Addie,Simeon,02/16/2009
47,Anna-diana,Sagg,08/03/1977
48,Davida,Zoane,06/03/1977
49,Brunhilde,Nevet,02/25/2004
50,Sharl,Bendell,12/25/2004
51,Annnora,Roft,01/21/2007
52,Karina,Saturley,04/13/2010
53,Garek,Greedyer,05/07/1972
54,Rafaela,O'Dogherty,12/02/2014
55,Halimeda,MacCumeskey,09/13/1992
56,Lari,Iffland,09/20/1966
57,Ricoriki,Hasker,06/01/1994
58,Bastian,Spieght,05/10/1997
59,Clare,Beavers,07/08/2004
60,Jeanna,Klawi,01/08/1967
61,Mellisa,Petriello,02/11/2015
62,Violette,Erricker,10/17/2007
63,Maximilien,Siveter,03/23/1967
64,Ario,Mapples,09/29/1982
65,Alejoa,Almak,12/03/1968
66,Bernard,Ezzell,02/23/2005
67,Hermie,Dwight,05/07/1967
68,Caryn,Serjeantson,02/12/2005
69,Jocelyne,Flory,01/01/1982
70,Shayne,Dobbins,03/12/1988
71,Josey,Cicchitello,08/29/1987
72,Jimmie,Rudall,12/15/1974
73,Torr,Burner,10/10/1987
74,Cort,Dougliss,01/24/2015
75,Jeremiah,Schutter,08/02/1979
76,Chrysa,Corn,01/29/1971
77,Sutton,Leavesley,06/07/1994
78,Yasmin,Dyble,10/20/1994
79,Dody,Boffey,09/04/1964
80,Alden,Collopy,04/27/2010
81,Lucias,Poyle,01/01/2016
82,Suki,Halfhyde,02/17/1976
83,Anjela,Santen,10/29/2006
84,Tanney,Dedenham,09/16/2005
85,Lib,Dobrovolski,12/24/1972
86,Jarrid,Swayte,05/12/1998
87,Kliment,MacIlwrick,07/24/2012
88,Rosene,Matthiae,05/12/1973
89,Jerrylee,Dinis,01/29/2017
90,Noellyn,Ashling,07/12/2010
91,Katusha,Beckingham,09/25/1962
92,Winifred,Skipper,11/14/1969
93,Lottie,Williscroft,03/18/1966
94,Winfred,Ferriby,12/04/1999
95,Cletis,Goodale,07/28/2013
96,Hill,Gilli,07/26/1993
97,Franz,Sanpere,01/10/2010
98,Glyn,Troup,12/07/1967
99,Aluin,Itzak,05/19/2006
100,Nollie,Bassingden,12/06/1998
101,Elisa,Keune,01/22/1969
102,Bren,Hawkey,03/02/2005
103,Ettore,Casazza,10/04/1963
104,Huntlee,Gaitskill,11/23/1995
105,Andree,Fairey,04/01/1987
106,Siobhan,Diperaus,06/07/2000
107,Lonny,Droghan,09/10/1966
108,Di,Raddish,02/23/1966
109,Hyatt,Souch,06/12/1993
110,Junie,Merman,12/30/1963
111,Renault,Wellington,03/23/2000
112,Ross,Novello,09/06/1980
113,Steven,Owbrick,03/10/2003
114,Violette,Garret,09/01/2017
115,Collin,Cansdill,07/14/1995
116,Jacquenette,Gasson,09/20/2010
117,Arlee,Gothliff,11/12/1981
118,Leela,Doelle,01/06/1975
119,Clem,O'dell,01/11/1996
120,Verney,Levecque,06/24/1989
121,Mercie,Westfield,02/14/2018
122,Shermy,Tolefree,10/15/1975
123,Ivonne,Dicker,03/07/1967
124,Izzy,Matusevich,12/27/1976
125,Lucina,Debold,02/22/1966
126,Rudolph,Damerell,07/14/2013
127,Esmaria,Dancer,07/07/1999
128,Baird,Larsen,08/19/2013
129,Martyn,Dummigan,10/01/2003
130,Dinnie,Duddan,10/30/1962
131,Diannne,Bourley,09/24/1968
132,Tammie,Danielian,02/21/2005
133,Ulrick,Yurenin,12/22/1999
134,Daisy,Gash,12/15/2016
135,Danette,Ackerley,06/23/1993
136,Karna,Ceyssen,03/17/1984
137,Phillipe,Verey,08/10/1974
138,Carson,Oleszkiewicz,07/15/1963
139,Arleyne,Klemke,08/07/1978
140,Roarke,Carding,11/05/1972
141,Korney,Stuehmeier,12/10/1975
142,Benetta,Borres,08/07/1972
143,Cathyleen,Crutchley,07/08/1965
144,Sandy,Sheivels,10/17/1970
145,Carree,Sibbering,08/19/1987
146,Anissa,Fakeley,02/22/2002
147,Mariann,Tidmarsh,12/02/2002
148,Crissie,Gatrell,04/29/2001
149,Deedee,Dunbobbin,03/06/2009
150,Marcellina,Ridel,04/19/1987
151,Lyndel,Pirrone,08/14/2009
152,Claudian,Dullingham,08/10/1985
153,Lamont,Tomaskov,06/28/2007
154,Dorri,Warbrick,03/05/1992
155,Rhys,Tant,12/16/2008
156,Walt,Dalgleish,05/09/1999
157,Kevan,Oley,01/18/2017
158,Ellery,Risman,08/12/2016
159,Coral,Gonthard,12/22/1970
160,Janice,Rigbye,02/19/1974
161,Haley,Roulston,09/10/1990
162,Shane,Bayles,10/14/2005
163,Andie,Hebburn,05/25/1994
164,Donica,Glowacha,02/25/2015
165,Yvon,Kinneir,04/10/1998
166,Aeriela,Vincent,09/23/2005
167,Brana,Arnull,03/16/1992
168,Antonietta,Foxen,09/12/2005
169,Abba,Redwin,03/09/1983
170,Consuela,Locke,03/25/1977
171,Merell,Arrowsmith,03/03/2013
172,Oneida,Hardesty,09/23/1995
173,Ardyce,Bazylets,06/01/1982
174,Gaylord,Alessandrucci,12/20/2002
175,Danette,Fearnley,07/26/1993
176,Rosabel,Kalkhoven,07/11/2010
177,Dianne,Gawith,11/12/1976
178,Maurizio,Reolfi,04/21/1962
179,Grier,Vango,10/31/1981
180,Jesselyn,Antham,07/07/1981
181,Starla,Pessolt,05/27/1990
182,Lothaire,Roydon,03/21/2006
183,Stephen,Bispham,08/21/1969
184,Row,Threadkell,10/04/1963
185,Juliann,McVey,11/14/1979
186,Hedvig,Ingram,10/22/1988
187,Winne,Clapham,11/12/2003
188,Vasilis,Silverwood,07/31/1982
189,Ninnetta,Goodrick,02/11/2007
190,Kyrstin,Ledster,03/03/1975
191,Evin,Manhare,11/26/1992
192,Marni,Dablin,07/05/2006
193,Dorine,Steabler,11/16/1969
194,Brook,Grimsdale,12/28/2018
195,Barbey,Duddle,10/12/2015
196,Jobye,Cavy,05/22/2012
197,Leticia,Espinay,01/16/2017
198,Monique,Bromley,03/21/1983
199,Sadella,Balsdone,08/21/2007
200,Jorie,Reay,03/15/1970
201,Joni,Ennever,02/11/1981
202,Marlyn,Navarre,09/14/1975
203,Brien,Blaskett,11/19/2011
204,Heinrick,Piller,06/11/1967
205,Theda,Cordes,05/06/1967
206,Tymothy,Boncoeur,09/12/1990
207,Margalo,Tingey,11/19/1991
208,Happy,Rainon,01/10/1979
209,Halimeda,Corona,09/30/1992
210,Jesse,Kordes,05/23/1990
211,Dale,Lathwood,06/07/1963
212,Morton,Cumine,06/09/2005
213,Ed,Barbe,07/25/1991
214,Perla,Capoun,05/04/1968
215,Veronika,Phalip,12/30/1991
216,Gabby,Cleeve,08/05/1964
217,Lelah,Bruster,07/31/1967
218,Marianne,Dominighi,12/08/1990
219,Theodora,Wardel,01/18/1981
220,Chlo,Ware,09/11/1985
221,Sile,Van Zon,11/17/1983
222,Kerk,O'Devey,09/04/1969
223,Patricio,Gaine,10/24/1964
224,Rosaline,Rhubottom,05/19/2006
225,Pincas,Kimbell,05/27/2006
226,Kristoforo,Caron,04/18/2014
227,Haslett,Vines,12/05/1973
228,Rafi,McIver,07/13/1992
229,Leupold,Cumberledge,08/17/2003
230,Lamar,Monday,04/22/2011
231,Carilyn,Routham,09/23/1972
232,Stevy,Hamsher,08/17/1966
233,Daron,O'Halligan,07/01/1993
234,Roderick,Blencowe,11/29/2018
235,Evvy,Ivery,02/12/2007
236,Oliviero,Bengtson,04/09/1984
237,Chad,Dodding,01/26/2001
238,Aldo,Fronzek,04/05/1972
239,Barrie,O'Cahey,11/06/1979
240,Ellsworth,Speares,11/20/1996
241,Rhett,Chavez,11/28/2015
242,Jehu,Linn,05/25/1982
243,Hart,Legh,08/25/1965
244,Von,Michael,10/25/1997
245,Silvain,Gillice,10/30/2018
246,Bradney,Josum,10/04/1977
247,Cinda,Murricanes,08/14/2015
248,Kelli,Exposito,12/21/1974
249,Saxe,Glaserman,01/19/1987
250,Kelly,Limrick,05/31/1969
251,Lewes,Aronovich,11/05/1975
252,Evan,De Blase,02/02/1982
253,Felipe,Ballantyne,08/25/1967
254,Saunders,Itzcak,02/01/1974
255,Cynthea,Giacovetti,08/24/1987
256,Kathleen,Verty,08/14/1998
257,Harbert,Getch,01/23/1974
258,Hortensia,Wackett,06/21/2004
259,Melinde,Bricksey,07/21/2000
260,Adler,Birkett,08/09/1964
261,Baillie,Bruckental,06/28/1984
262,Giustina,Redmond,03/31/1971
263,Gwenneth,Grinvalds,03/22/1970
264,Liva,Stranieri,11/19/1982
265,Niccolo,Witchell,01/04/2011
266,Mabelle,Hance,08/06/2015
267,Georgianna,Angelo,05/27/2006
268,Geri,Kik,06/13/2018
269,Merlina,Simeoli,04/20/1990
270,Zoe,Humes,06/13/1983
271,Tamarra,Venus,07/07/2009
272,Ase,Browse,12/29/1964
273,Kassey,Elson,08/12/1969
274,Dav,Goodricke,11/14/2010
275,Lori,Guthrum,08/12/1962
276,Mufinella,Odger,07/22/1965
277,Guy,Testin,05/28/1979
278,Betsy,Lumbers,02/09/1985
279,Sashenka,Cardenoso,03/04/2012
280,Quincy,Annetts,03/03/1989
281,Elmo,Garlant,10/12/1995
282,Kristin,Loosemore,04/12/1990
283,Shaylyn,Lesek,02/28/2018
284,Neile,Kosiada,09/15/1984
285,Eward,Steiner,06/16/1970
286,Douglas,Threlfall,07/07/1999
287,Glenn,Frampton,10/14/1993
288,Shell,Jeste,10/05/1962
289,Bellanca,Opie,03/30/1991
290,Hercule,Terlinden,01/08/2006
291,Eba,Roloff,06/20/1962
292,Carolan,Bardell,06/23/2004
293,Ransom,Acklands,07/06/2013
294,Tybalt,Henden,05/02/1986
295,Christabella,Ahrenius,03/31/2010
296,Ansell,Rosenqvist,06/04/2015
297,Juana,Sandwith,10/03/1981
298,Gerrie,Dolphin,01/20/1988
299,Angelica,Millin,08/29/1969
300,Lewiss,Gloster,06/18/2008
301,Valentine,Frigout,03/12/1982
302,Haley,Gutierrez,11/16/2003
303,Gustave,Knevet,03/11/1986
304,Pauly,Merrington,10/01/1988
305,Bennie,Boughen,06/19/2007
306,Abbey,Scrine,11/08/1964
307,Emelyne,McGloin,05/30/1996
308,Lavina,Saben,04/26/2004
309,Markos,Payfoot,05/09/2001
310,Deerdre,Woodhead,04/29/1983
311,Marie,Slayford,03/01/1985
312,Ted,Skill,10/28/1966
313,Gretchen,Dunkerly,05/29/2009
314,Aurelie,Bartomeu,12/08/1987
315,Urbain,Mainland,03/07/1974
316,Odelia,Agirre,04/17/2012
317,Ker,Waison,02/21/1963
318,Nolana,Parminter,11/20/2010
319,Ode,Treanor,04/27/1966
320,Melantha,Darthe,01/12/1988
321,Phoebe,Moorwood,07/07/1973
322,Sinclair,Petasch,06/17/1975
323,Harvey,Dyne,05/27/1991
324,Brnaba,Guiot,03/15/2004
325,Ber,Gores,12/19/1974
326,Gregorius,Baudinet,05/11/1989
327,Yuma,Solman,12/23/1965
328,Audrye,Pettengell,09/11/1985
329,Marven,Cheyenne,12/22/2008
330,Quintilla,Millhill,04/18/1967
331,Conan,Yegorev,04/07/1966
332,Rriocard,Stobbart,01/01/1994
333,Justine,Barwick,06/18/1977
334,Steven,Bisson,01/21/2002
335,Curt,Eymer,12/31/2018
336,Christoper,Onraet,04/11/2000
337,Pebrook,Glendenning,05/20/1996
338,Modestine,Makinson,10/17/1981
339,Monica,Harnor,10/24/2000
340,Harriett,Koppke,03/11/1975
341,Kassandra,Doby,11/26/2016
342,Timmy,Greenslade,11/14/1989
343,Amberly,Barnewille,03/19/2005
344,Zonnya,Fossey,10/27/2003
345,Danyelle,Reggiani,08/24/1980
346,Erika,Scottesmoor,09/24/1995
347,Kermit,O'Hern,08/29/1993
348,Julius,Edelmann,06/07/1980
349,Ned,Snailham,01/09/1966
350,Ferdie,Godwyn,12/27/1977
351,Delphine,Bartolomucci,08/28/1977
352,Ranique,Alty,03/24/1978
353,Jordana,Sealey,10/13/1964
354,Sissie,Baude,10/10/1991
355,Jerad,Gaddas,12/28/2018
356,Ferrel,Patry,05/18/1968
357,Joanne,Warrender,12/04/1990
358,Megan,Vellden,06/11/1981
359,Junie,McConigal,03/23/1987
360,Ketty,Cleghorn,12/02/2003
361,Clementine,Benck,05/15/2003
362,Anderson,Coiley,07/21/1986
363,Annadiane,Quipp,03/15/2005
364,Dolley,Sazio,11/30/2016
365,Cristionna,Klaussen,08/26/1962
366,Dacia,La Grange,03/13/1985
367,Catharine,Crosher,09/15/1969
368,Chevalier,Stanney,09/24/1981
369,Jacenta,Penkethman,08/17/1996
370,Elizabeth,Faivre,01/24/1978
371,Irena,Currin,08/23/1962
372,Jason,Bosher,07/01/1975
373,Modesta,Ruzek,12/08/1966
374,Papagena,Stithe,01/11/1986
375,Hamish,Calf,10/15/1973
376,Kassandra,Doohey,06/10/1972
377,Alasdair,Beveredge,03/04/1974
378,Nefen,Jeffs,03/14/1996
379,Malina,Yacobsohn,06/22/1966
380,Tremayne,Lovell,11/12/1968
381,Daveen,Pipe,04/16/1975
382,Nelle,Tureville,12/02/2002
383,Ruthie,Clymer,03/25/1984
384,Fons,Gritton,10/12/2017
385,Tanya,Andor,05/10/1970
386,Artur,Dabourne,02/17/1962
387,Batsheva,Lugg,01/23/2018
388,Martguerita,Taffrey,11/20/1983
389,Kennie,Chimes,01/14/2004
390,Nora,Lewry,09/10/1978
391,Iris,Cotilard,05/15/1991
392,Perl,Vina,05/23/1986
393,Bartram,Tidbold,07/29/1994
394,Lenette,Angeau,10/09/2001
395,Sandy,Gorling,10/30/1998
396,Raymond,Menpes,04/11/1966
397,Mair,Tisor,01/15/1991
398,Adria,Shuker,06/10/2010
399,Jermaine,Whittlesee,12/08/1996
400,Guntar,O'Doireidh,12/05/1976
401,Corine,Fredi,04/04/2008
402,Margie,Denisevich,04/06/2005
403,Jacquenette,Maxstead,04/03/1964
404,Kareem,Shillitto,01/26/2003
405,Flory,Tithecote,04/29/1971
406,Pauletta,Klarzynski,09/25/1967
407,Rochelle,Kwietak,01/21/2007
408,Marylynne,Matussow,05/07/1996
409,Lyon,Skarman,08/30/1967
410,Holden,Mathelin,10/21/2011
411,Barth,Woolmington,01/20/1979
412,Mahalia,Nesbeth,04/01/1967
413,Penn,Peche,05/10/1976
414,Ave,Cattermole,05/20/1977
415,Sollie,Goforth,07/04/1968
416,Noak,Afield,08/14/1986
417,Florie,Levy,04/16/2001
418,Ximenes,Vanichkin,10/10/1983
419,Tobe,Bahde,02/16/1984
420,Abigale,Matussov,12/08/1981
421,Bee,Bloy,07/13/2008
422,Ivett,Orrobin,10/17/1965
423,Gaye,Kubalek,08/06/1969
424,Lorelle,Langdon,03/10/1969
425,Renaud,Ivushkin,10/08/1981
426,Shandy,Emblem,05/14/2018
427,Gibby,Peyton,09/25/2010
428,Daron,Menchenton,12/06/1973
429,Moria,Robjant,05/16/1973
430,Hermina,Pointer,03/13/2016
431,Damon,Patty,07/20/1962
432,Teddy,Kalkofer,08/14/1968
433,Lanny,Connochie,01/13/1997
434,Vicky,Skill,10/31/1980
435,Lammond,Passion,09/17/1994
436,Cedric,Grand,04/08/1985
437,Cecilio,Petherick,08/04/1965
438,Prudy,Domengue,06/28/1984
439,Willyt,Carass,11/22/1984
440,Gloriana,Millwater,07/13/1968
441,Wileen,Kerner,04/04/2005
442,Hercules,McNeely,07/19/2003
443,Ewell,Rosewell,04/27/2004
444,Denny,Binnie,03/21/2013
445,Traver,Messer,06/27/1975
446,Paula,Rosellini,03/29/2013
447,Marjie,Belsey,09/22/2002
448,Dayna,Hatchman,12/18/1999
449,Willow,Lehrian,10/14/1967
450,Griswold,Foulsham,05/20/1996
451,Abbi,Stroulger,07/08/2010
452,Linnie,Jeffress,07/25/1963
453,Etta,Woolsey,02/07/1998
454,Jo-ann,Houseman,10/13/1979
455,Alvis,Geke,09/23/1993
456,Arte,Champness,02/11/1972
457,Sinclare,Lockhart,03/11/1978
458,Nancey,Bilsford,05/07/1987
459,Meade,Chasteau,06/12/2001
460,Carmita,Lacasa,01/24/2019
461,Alayne,Howorth,12/14/1985
462,Evelyn,Craythorne,08/16/1996
463,Teador,Rounsivall,02/13/1992
464,Mirabelle,Braga,04/25/2005
465,Moll,Dulwich,03/05/2017
466,Jedediah,Vasilyevski,10/18/2000
467,Jimmie,Noades,10/09/1972
468,Cristal,MacNeillie,12/30/1965
469,Auberon,Lideard,12/12/2017
470,Roseanna,Deboick,12/17/1997
471,Dalt,Hainge,12/02/2015
472,Ulrike,Braams,07/07/1996
473,Lauraine,Kall,06/23/1965
474,Ezmeralda,Sowten,11/16/1991
475,Cristal,Hambrick,06/12/1999
476,Tuckie,Parradice,12/23/1982
477,Hannah,Richemond,06/30/1975
478,Glenna,Connelly,10/26/2012
479,Halie,O'Connel,01/04/1999
480,Eddy,Careswell,06/12/2009
481,Barnabas,Hanscome,05/06/2009
482,Wye,Frid,12/06/1976
483,Smith,Blakes,06/08/1973
484,Bobinette,Guerri,04/08/2014
485,Ludvig,Baselio,04/18/2017
486,Norine,Sidebotton,02/22/1979
487,Ange,Todman,03/18/1969
488,Ashlan,Ivens,03/08/1995
489,Magnum,Kneaphsey,07/28/1992
490,Aryn,Mulhall,06/15/2007
491,Skelly,Enrich,02/11/2012
492,Massimo,Tomaszewski,06/08/2015
493,Korrie,Amiable,11/14/1971
494,Mateo,Shimuk,06/11/1975
495,Hayes,De Dei,12/12/1996
496,Ben,Adam,05/07/2000
497,Darcey,Kuhl,09/26/2000
498,Mitchael,Greguol,03/25/2007
499,Sanson,Esh,11/29/2007
500,Berny,Harford,12/24/1968
501,Romy,Ackeroyd,10/08/1968
502,Banky,Bacop,09/25/1979
503,Kaleb,Thieme,11/30/2007
504,Ardelle,Peach,09/26/1992
505,Paten,Pendlebury,02/06/1964
506,Amandi,Morston,08/24/1971
507,Anneliese,Dungay,08/10/1988
508,Jarib,Oakeshott,11/15/2013
509,Dani,Duckett,12/30/2001
510,Rosalinda,Liddiard,10/24/1989
511,Lu,Edelmann,11/08/1982
512,Lulita,Greatorex,12/28/2016
513,Victor,Harris,07/30/1967
514,Ulrikaumeko,Gomm,03/26/2010
515,Moishe,Dotterill,03/23/1970
516,Sabina,Brettelle,12/21/1985
517,Chev,Ianinotti,01/11/2005
518,Reba,Elsey,05/12/1962
519,Alie,Bourke,04/21/2018
520,Katy,Hepher,06/24/2016
521,Lynsey,Whimper,11/25/2018
522,Myrah,Moulson,10/12/2018
523,Carleton,Kauffman,03/04/2015
524,Sutherland,Josefsson,06/16/2009
525,Malanie,Riolfi,01/03/2011
526,Darcey,Egalton,06/18/1992
527,Bentlee,Elford,04/10/2014
528,Stanislas,Hedger,09/29/2008
529,Virgil,Ascrofte,09/12/1966
530,Ammamaria,Kreutzer,11/07/1989
531,Delmer,Puttick,09/20/1998
532,Anstice,Van Arsdale,03/11/1977
533,Hyacinthie,Treneer,06/05/1964
534,Amberly,Mangham,08/24/1990
535,Clayborne,Shere,09/04/2009
536,Flss,Demke,04/15/1971
537,Romola,Pearsall,03/17/2006
538,Odille,Tebbett,06/10/1975
539,Mikel,Laetham,08/26/1990
540,Renault,Couthard,10/30/1999
541,Loretta,Perocci,12/25/2003
542,Bambi,Nucator,05/08/2000
543,Stacee,Cahani,04/27/2013
544,Bernadette,Salt,12/18/2005
545,Aggie,McGavin,07/02/1974
546,Madeleine,Obell,09/07/1993
547,Tadd,Clark,10/04/1984
548,Frasquito,Cartman,05/20/1982
549,Pietra,Clegg,02/13/2009
550,Roch,Pile,05/13/1989
551,Cecily,Sprey,04/17/1983
552,Walton,Plose,06/05/2014
553,Ula,Walewski,01/03/1972
554,Clemence,Barbosa,10/28/1978
555,Marj,Thacke,08/12/1980
556,Ryan,Retallack,05/12/1974
557,Dareen,Walisiak,04/03/2012
558,Bailie,Sillwood,01/05/2012
559,Helyn,Iacovini,10/06/1992
560,Sloane,Vanyashin,05/22/1996
561,Isaak,Cantillion,03/05/1982
562,Hildegaard,Ruston,06/27/1996
563,Abbott,Boulds,03/13/1968
564,Moria,Inkpin,08/21/1972
565,Zacharie,Crossthwaite,05/26/1995
566,Evey,Fishleigh,04/07/2007
567,Carolan,Gress,05/03/1974
568,Abbey,Cromer,11/20/2009
569,Shadow,Leys,03/25/1973
570,Wilbur,Wulfinger,12/23/1969
571,Coletta,Awdry,06/12/1980
572,Delaney,Ickowicz,10/20/2018
573,Slade,Higgan,12/24/1963
574,Isadore,Lassen,02/28/1987
575,Giovanni,Esherwood,03/07/2009
576,Dacia,Gorton,11/30/2007
577,Ivonne,Peepall,10/27/1967
578,Isiahi,Stillgoe,07/11/1971
579,Ike,People,07/19/1973
580,Ondrea,Imison,05/17/1973
581,Eydie,Grindley,03/13/1983
582,Yolanthe,Wolfenden,04/18/1982
583,Howie,Weich,07/15/1967
584,Vanya,Clopton,06/30/1979
585,Phoebe,Postill,09/22/1964
586,Stephani,Iffe,12/05/1964
587,Fayette,Toolan,12/25/1994
588,Benedict,Drillingcourt,12/13/2013
589,Wolfgang,Runham,06/20/2009
590,Bryant,Mundford,06/24/2000
591,Letty,Francisco,06/08/1991
592,Samson,Jarman,01/16/2016
593,Dorita,Hesse,06/27/1972
594,Nealon,Gianettini,07/31/2004
595,Earlie,Fayer,10/19/2005
596,Prent,Tomlett,03/12/1976
597,Bartholomew,Rowston,03/17/1965
598,Gerardo,Rraundl,04/12/1993
599,Prentice,Mariette,01/06/1967
600,Elonore,Zuan,08/05/1995
601,Raddie,Sugar,08/08/1962
602,Joshua,Ubsdale,05/27/2009
603,Karrah,Alderson,06/11/1962
604,Aurel,Idel,09/10/2014
605,Evangelia,Tomkys,11/18/2016
606,Franni,Sodeau,03/14/2007
607,Leigha,O'Longain,01/18/1977
608,Kermie,Tather,10/17/1993
609,Marketa,Rankcom,10/18/1987
610,Jaquelin,Ansell,02/25/2001
611,Felicle,Cahn,09/22/1967
612,June,Nuemann,05/25/1991
613,Ketti,Boeter,07/25/2007
614,Ben,Irnis,10/16/1990
615,Quinn,Blackborne,12/10/2016
616,Gifford,Grise,09/08/2015
617,Erich,Domoni,04/01/1962
618,Tiertza,Claypool,10/07/1969
619,Vachel,Kovacs,05/18/1964
620,Halsey,Napoleon,08/10/2011
621,Lark,Grills,10/04/1978
622,Eddy,Camilio,05/27/1994
623,Miof mela,Pentlow,12/21/1978
624,Florence,Mc Ilwrick,07/09/2001
625,Ula,O'Duilleain,06/12/1983
626,Xylia,Cockayme,12/24/2016
627,Jere,Shatford,12/22/1979
628,Jilleen,Beiderbeck,09/03/1974
629,Keane,Paullin,04/30/1998
630,Jackie,Danniel,07/31/1983
631,Klement,Humbee,08/07/1980
632,Flin,Langdon,11/09/1967
633,Odelia,Thormann,08/18/1967
634,Toiboid,Bundey,04/20/2009
635,Liliane,Cruise,06/12/1965
636,Winnie,Pelos,06/21/1967
637,Hasheem,Maruszewski,10/23/1971
638,Evin,Coulbeck,02/11/1975
639,Leo,Baford,01/15/1966
640,Constantia,Sikorski,03/20/1994
641,Norry,Matskiv,12/13/1975
642,Consolata,Neat,09/01/1985
643,Jelene,Martensen,06/30/2016
644,Lucais,Davidofski,12/22/2006
645,Geoff,Stollman,03/18/1973
646,Farica,Grollmann,05/13/1974
647,Dorolice,Mabon,10/26/2011
648,Gare,Fenelon,12/03/2007
649,Joceline,Leall,08/10/1964
650,Rebbecca,MacRury,02/08/1980
651,Saundra,Pullin,12/14/1963
652,Bobby,Langcaster,10/29/1987
653,Ezra,Gogay,10/09/1995
654,Lorrin,Putterill,10/20/2015
655,Adena,Chellam,02/03/1970
656,Rutherford,Heffernan,05/18/1993
657,Pauly,Shelf,05/17/2011
658,Alfonso,Ridhole,03/25/1980
659,Raymund,Crutchfield,03/04/1993
660,Leo,Guerre,03/29/1990
661,Kittie,Aspole,10/12/1988
662,Kenny,Muncey,07/11/2006
663,Chrisy,Barwis,12/24/2011
664,Kermit,Watkiss,12/25/1988
665,Federica,Wong,07/10/1974
666,Trip,Shooter,01/17/2011
667,Etheline,Kennaway,09/21/2009
668,Durand,Ahlf,05/17/2016
669,Cybill,Stone Fewings,09/21/1973
670,Philippa,Jakubovski,01/09/2013
671,Archaimbaud,Spragg,03/23/1999
672,Rollins,Moxstead,07/29/2010
673,Papagena,oldey,05/28/1965
674,Bennie,Aldiss,11/26/2010
675,Lara,Grosvenor,05/02/2005
676,Cornall,Baudon,04/19/2007
677,Ashely,Conn,12/17/2005
678,Fred,Watchorn,09/24/1983
679,Renato,Cowpe,03/03/1988
680,Callie,Nattriss,05/08/1978
681,Garrot,Grundon,09/19/1994
682,Madlin,Grundey,11/09/1995
683,Noellyn,Probate,12/13/1973
684,Jordan,Skirvane,08/18/1997
685,Luisa,McVeighty,09/10/2010
686,Merle,Fildes,06/13/1971
687,Monika,Lewin,03/31/2006
688,Farrell,Duigenan,07/31/1980
689,Deane,Tuckie,06/19/1964
690,Hewitt,Goodman,05/12/2013
691,Valenka,Weepers,02/13/2016
692,Vallie,Le Jean,08/31/1968
693,Demetrius,Jurczik,10/14/1982
694,Sancho,Moyce,10/13/1989
695,Adrian,Twiddle,01/14/2018
696,Casi,Hurkett,10/07/1964
697,Franklyn,Furmonger,06/02/1985
698,Cooper,Emps,08/13/1998
699,Jesse,Lafee,12/03/1985
700,Violetta,Baldry,02/03/1977
701,Bee,Rookledge,10/11/1998
702,Odo,Fennell,07/18/1972
703,Simmonds,Matchell,02/18/1999
704,Fernanda,Gammett,03/03/1983
705,Jermain,Allum,10/18/2018
706,Orland,Emberson,02/16/1969
707,Wolfgang,Sushams,02/08/1992
708,Jemie,Strangeways,03/02/1979
709,Eveline,Maccraw,09/20/1962
710,Hammad,Rossoni,05/19/1965
711,Janos,Petranek,10/15/1994
712,Nisse,Abramamovh,02/14/1993
713,Millisent,Patington,09/10/1979
714,Codee,MacKeogh,03/27/1965
715,Herbert,Odde,03/19/1970
716,Moise,Leban,11/24/1977
717,Karie,Cumbridge,12/28/2009
718,Janeta,Phillip,05/30/1974
719,Annabal,Baal,04/21/2003
720,Orelle,Garton,08/22/1967
721,Serena,Oldfield,06/27/1993
722,Donavon,Frankling,06/29/1984
723,Ailina,Flips,11/18/1971
724,Leon,McKean,05/23/2005
725,Hatti,Kermit,09/09/1977
726,Shellie,Amber,06/01/1989
727,Nichols,Lindop,04/21/2009
728,Florrie,Applewhaite,08/21/1962
729,Danita,Wincott,12/28/2006
730,Carmencita,Pollins,01/03/2017
731,Davy,Duddan,09/28/1987
732,Clea,Panner,03/07/1978
733,Morgana,Dunniom,06/03/1980
734,Tedmund,Waistall,04/10/1983
735,Addi,Espada,02/15/1968
736,Grady,Gorghetto,05/31/1964
737,Scarlett,Caddan,01/29/1990
738,Bea,Brugden,11/13/1972
739,Samantha,Dalloway,02/23/1974
740,Marga,Patterfield,08/15/1983
741,Ryley,McGiff,02/22/2016
742,Dionis,Osgarby,03/26/1986
743,Mariette,Longfield,07/25/1992
744,Sib,Abrahams,12/27/1972
745,Gypsy,Berrisford,03/01/1979
746,Elwyn,Chaves,05/04/1971
747,Gwendolen,Tudge,09/15/2006
748,Yolane,Gallier,12/11/1977
749,Natty,Spadotto,01/12/2003
750,Jethro,Cullagh,07/23/2011
751,Else,Lody,03/21/1997
752,Celina,Bousfield,12/29/2002
753,Sarina,Thulborn,03/28/1992
754,Isis,Corbally,11/02/1990
755,Bennett,Chasier,05/10/1974
756,Pascal,McIlrath,09/18/1974
757,Jermayne,Lethcoe,09/30/2017
758,Gerik,Metcalf,03/12/2017
759,Vickie,Briiginshaw,07/29/1999
760,Elizabet,Stares,04/26/1995
761,Jaclyn,Jope,12/22/1996
762,Eleanora,Ewan,05/06/1995
763,Melicent,Hawkswood,06/01/2004
764,Bron,Mathivat,04/03/2009
765,Ardeen,Seleway,09/23/1996
766,Janenna,Arnefield,12/05/1997
767,Trina,Jerratsch,01/10/1980
768,Ingram,Deavin,03/29/2006
769,Colas,Prew,05/08/1965
770,Elizabeth,Maas,11/26/1997
771,Esme,Moralis,03/11/2013
772,Neils,Wyllis,05/19/1988
773,Francisca,Willshaw,08/17/1983
774,Jacquenetta,Dincey,02/24/1992
775,Alvy,Hayle,03/16/2012
776,Cathleen,Le Batteur,01/27/1965
777,Cynthy,Vautin,02/09/1971
778,Garnet,Whiles,09/05/1997
779,Lolita,Greenhowe,08/14/1998
780,Dalis,Dinzey,11/25/1995
781,Deedee,Terrey,01/24/1990
782,Lind,Hawyes,05/23/1995
783,Tiena,Vidyapin,04/30/1996
784,Nani,Oloshin,04/01/1973
785,Hilly,Ditter,06/20/1962
786,Dilan,Hardwick,09/05/2007
787,Anetta,Billham,10/08/1989
788,Moreen,Leathem,01/01/1965
789,Jemmy,Laffan,10/15/1967
790,Murial,Bellany,06/17/1997
791,Mel,Guiraud,10/28/1994
792,Anastasia,Dansie,11/29/1988
793,Lena,Hanlin,07/08/1997
794,Dorolice,Iskov,07/16/2003
795,Bibby,Searl,01/27/1993
796,Paxon,Jeannot,05/11/1992
797,Flor,Gower,01/09/1965
798,Angelia,Addison,07/09/1964
799,Leon,Ryland,12/20/1965
800,Tate,Romanski,03/17/1986
801,Dorene,Delahunt,08/27/1967
802,Loree,Linny,12/14/2003
803,Shannon,Corah,08/02/1980
804,Jonis,Aubert,05/15/1962
805,Ingar,O'Leahy,03/16/1967
806,Bord,Siverns,02/25/2014
807,Gaby,Villaret,12/21/1964
808,Padriac,Mimmack,06/16/2000
809,Andrew,Golborn,08/17/1992
810,Cecil,Joselevitz,09/14/1978
811,Jany,Maleney,10/19/2009
812,Miller,Bresner,07/11/2001
813,Vinny,Castellino,09/12/1999
814,Lock,Attoe,01/13/1965
815,Harvey,Reely,01/14/1968
816,Celestia,Wace,03/04/1992
817,Gunilla,Wagstaff,07/20/1964
818,Ric,Loudiane,01/07/2013
819,Piper,Beddoe,11/16/1973
820,Marguerite,Bonifant,04/22/1969
821,Wes,Wanden,12/23/1985
822,Ottilie,Rallinshaw,09/29/1980
823,Abigael,Goodband,02/24/1998
824,Giorgi,Portt,08/11/1968
825,Dorey,Merali,03/31/2015
826,Marcelia,Chantler,04/21/1989
827,Lilia,Derkes,02/15/2008
828,Willabella,Wickersley,09/19/1999
829,Esta,Linney,07/02/1985
830,Pierre,Casely,11/20/2009
831,Ginger,Murkus,09/29/2013
832,Shanda,Oakman,07/05/1985
833,Sidoney,Gravenall,11/30/1965
834,Howey,Arblaster,09/15/1991
835,Rhodie,Bernier,12/15/1976
836,Dunstan,Duding,01/21/1971
837,April,Brockley,03/14/1994
838,Felicle,Edmonds,12/26/1996
839,Steffie,Ivens,06/01/1971
840,Benson,Britner,05/05/1973
841,Larine,Wernham,05/25/1969
842,Berrie,Lippard,01/16/1991
843,Queenie,McMillan,11/14/1985
844,Dillie,Worham,12/07/1977
845,Constantino,Soames,06/17/1979
846,Mortie,Ivanyushin,01/21/1968
847,Juliette,Jirzik,09/07/1992
848,Thomasa,Striker,10/28/2003
849,Bret,Strathe,01/05/2005
850,Gunar,Branton,11/03/2016
851,Conny,Harbage,06/19/2017
852,Cayla,Wigmore,02/13/2003
853,Bettine,Bille,02/24/2001
854,Letta,Jasiak,08/05/1989
855,Cathee,Dartnall,06/23/1967
856,Ethelin,Sulter,05/03/2005
857,Donall,Braybrooke,04/29/1980
858,Port,Moulden,05/23/1970
859,Amble,Ruddy,02/12/2009
860,Cobbie,Mac Geaney,03/26/1988
861,Gayler,Moseby,10/20/1967
862,Lilian,Greenwood,06/25/1965
863,Edwina,Mendoza,10/27/1990
864,Sallee,Teather,12/21/1964
865,Mack,O' Mara,07/20/2005
866,Cherry,Barnewelle,11/02/2007
867,Leanna,Faltin,05/30/1991
868,Waverly,Salisbury,10/08/1989
869,Edmund,McGrey,07/30/1976
870,Florence,Stollberger,08/18/2001
871,Forest,Harwin,10/11/2009
872,Jody,Malser,05/01/1992
873,Brannon,Woofenden,12/24/2017
874,Magdalene,Meaddowcroft,06/07/1988
875,Goraud,Dunbleton,10/08/1974
876,Perla,Atwood,07/24/2002
877,Cinnamon,Immer,03/05/1968
878,Dalis,Scates,01/13/1977
879,Mara,Lavalde,06/06/1987
880,Kassi,Coggings,03/25/1981
881,Price,Sewall,08/09/1996
882,Gabriellia,Timewell,02/09/1979
883,Drucy,Philippault,01/24/1985
884,Jacques,Sor,08/25/2005
885,Jamal,Castilljo,02/02/2013
886,Courtnay,Probin,03/23/2003
887,Meir,MacCarlich,05/10/1984
888,Clara,Beveridge,05/21/2004
889,Neysa,Skelhorn,01/11/1969
890,Waylen,Mainstone,06/09/1986
891,Yancy,Christopher,07/14/2006
892,Dael,Mohring,11/27/1985
893,Felipe,Riba,06/23/2005
894,Olympe,Agott,05/02/2000
895,Stern,Vasyanin,09/06/1978
896,Solomon,Corfield,10/19/1993
897,Tracie,O'Hagirtie,08/23/1983
898,Brett,Benkhe,02/27/2002
899,Peggy,Bowerman,07/23/1984
900,Brnaba,Parrin,01/09/1974
901,Shelby,Bennike,08/18/2007
902,Melisenda,Stayt,09/18/2018
903,Eal,Bernard,01/11/1971
904,Viola,Elnaugh,02/20/2018
905,Evelyn,Meco,08/19/1989
906,Cecile,Court,08/15/1989
907,Chris,Jaycocks,05/21/1994
908,Lora,Colvill,02/16/2000
909,Gretta,Sives,05/25/1971
910,Wallas,Arundel,12/23/1982
911,Griz,Joslyn,04/08/1986
912,Manuel,Slaght,07/26/2016
913,Fiorenze,Simonsen,11/23/1987
914,Annadiana,Boyet,08/19/1974
915,Kristin,Brabban,12/16/2001
916,Erastus,Pavelin,10/13/1962
917,Caril,Demer,10/18/1991
918,Cammy,Eykelbosch,03/27/1996
919,Shannah,Hymas,10/23/1981
920,Raimund,Ironmonger,01/14/2008
921,Thorn,Levins,12/10/2001
922,Fran,Syvret,12/07/1982
923,Gilemette,Janney,09/30/1988
924,Lloyd,Lalor,10/14/2000
925,Emilee,Beastall,04/24/1963
926,Ashely,Hanway,06/07/1976
927,Danni,Hefferan,10/02/1964
928,Adore,Jose,08/12/1991
929,Nickolaus,Basini-Gazzi,02/12/2010
930,Edna,Ingall,06/17/1963
931,Rheta,Arnholz,05/19/1974
932,Vassily,Cleife,06/03/2006
933,Thom,Trevorrow,11/04/1963
934,Jared,Casarini,12/06/1984
935,Austin,Drains,07/08/2010
936,Clarence,Backhurst,05/06/1978
937,Maddy,Kemwall,02/03/1974
938,Elianora,Cranch,06/06/1965
939,Jasper,Raulstone,03/24/1988
940,Micheline,Rowlands,05/02/1985
941,Rosella,Worsam,02/13/1989
942,Dredi,Selvey,08/08/1965
943,Ruddy,Blann,03/12/1976
944,Polly,Deavall,03/29/1977
945,Brina,Apple,06/10/2007
946,Wrennie,Palfree,02/25/2013
947,Amata,Barchrameev,08/02/1966
948,Orran,Kubicki,05/20/2016
949,Dyanne,Michelle,10/02/1965
950,Adda,Moggan,11/04/2014
951,Dallis,Roon,12/11/1977
952,Blair,Whiskin,10/25/2000
953,Morly,Grimolbie,04/19/2005
954,Dulcine,Strase,06/28/1977
955,Kalil,Vallis,05/19/1986
956,Yuma,Nassau,05/12/2006
957,Cheri,Radenhurst,06/22/1988
958,Neysa,Cleall,08/06/1979
959,Price,Gudgin,03/02/1975
960,Carmine,Plows,06/18/1983
961,Briny,Josipovic,05/08/2012
962,Sydelle,Fould,03/29/2006
963,Terry,Kubin,11/22/2011
964,Melody,Tiplady,03/23/2018
965,Helaine,Vasin,04/21/2006
966,Verile,Dowdam,07/14/2018
967,Debor,Bedinn,08/29/1990
968,Leicester,Woodroofe,07/26/1980
969,Beverley,Boydle,05/02/1982
970,Chrissie,Trigwell,09/15/2010
971,Dave,Darke,08/10/1973
972,Gail,Jinkin,04/19/1999
973,Ashlen,Elliot,03/15/1971
974,Cirilo,Rannigan,03/30/1981
975,Burton,Goodfield,12/12/2000
976,Rosy,Rosenbarg,08/04/2004
977,Nikolaus,Olley,01/05/1995
978,Norrie,Tille,03/28/1999
979,Imojean,Stelfox,07/15/1991
980,Hew,Capey,01/08/1966
981,Corrie,McNiven,12/28/2001
982,Peggy,Roggieri,06/18/1968
983,Roscoe,Kimbling,04/14/2011
984,Sim,Oiller,04/05/1977
985,Dreddy,Rolf,11/24/1994
986,Kerwin,Monk,03/23/1980
987,Hew,Bussen,07/23/1988
988,Adelaida,Cowerd,03/15/2013
989,Gasper,Benettolo,11/26/1974
990,Milzie,Blaycock,05/14/1977
991,Kaitlin,Sleaford,04/10/1992
992,Giustino,Luigi,08/03/1993
993,Meghan,Asch,11/09/2004
994,Querida,Chilver,03/24/1990
995,Rivkah,Behninck,07/29/2002
996,Theadora,McCollum,11/09/1984
997,Aggi,Hastings,05/10/1984
998,Agustin,Pennetta,10/30/1994
999,Denna,Bewlie,07/17/1968
1000,Dido,Busfield,02/26/1964
